City_ID,City,Country,Lat,Lng,Max Temp,Humidity,Cloudiness,Wind Speed,Current Description
0,Yellowknife,CA,62.46,-114.35,17.6,85,90,8.05,light snow
1,Mar Del Plata,AR,-38.0,-57.56,66.2,59,0,10.29,clear sky
2,Puerto Ayora,EC,-0.74,-90.35,78.8,69,40,13.87,scattered clouds
3,Kutum,SD,14.2,24.67,76.19,25,50,17.29,scattered clouds
4,Imbituba,BR,-28.24,-48.67,68.0,56,40,11.41,scattered clouds
5,Qaanaaq,GL,77.48,-69.36,1.29,74,0,7.58,clear sky
6,Avera,US,33.19,-82.53,70.0,60,40,13.87,scattered clouds
7,Rawson,AR,-43.3,-65.1,96.8,6,40,18.34,scattered clouds
8,Saldanha,ZA,-33.01,17.94,68.0,56,0,5.82,clear sky
9,Richards Bay,ZA,-28.78,32.04,65.14,85,100,4.21,light rain
10,Victoria,HK,22.29,114.16,75.0,75,100,1.01,overcast clouds
11,Ranong,TH,9.97,98.63,77.9,84,100,0.38,overcast clouds
12,Rikitea,PF,-23.12,-134.97,74.41,86,84,22.73,light rain
13,Punta Arenas,CL,-53.15,-70.92,51.8,76,75,14.99,broken clouds
14,Imeni Poliny Osipenko,RU,52.42,136.49,27.68,98,100,13.18,overcast clouds
15,Haines Junction,CA,60.75,-137.51,12.2,66,100,3.36,overcast clouds
16,Jamestown,US,42.1,-79.24,37.99,90,90,20.15,light rain
17,Yantongshan,CN,43.29,126.01,29.44,85,0,6.4,clear sky
18,Synya,RU,65.37,58.04,27.05,97,100,6.04,overcast clouds
19,Batticaloa,LK,7.71,81.69,80.94,74,61,5.46,broken clouds
20,Vaini,TO,-21.2,-175.2,77.0,83,75,9.17,broken clouds
21,Georgetown,MY,5.41,100.34,78.8,88,20,3.36,few clouds
22,Ponta Do Sol,PT,32.67,-17.1,69.8,77,20,3.36,few clouds
23,Ushuaia,AR,-54.8,-68.3,57.2,58,75,2.24,broken clouds
24,Poum,NC,-20.23,164.02,77.76,72,0,12.53,clear sky
25,East London,ZA,-33.02,27.91,66.04,84,82,15.66,light rain
26,Butaritari,KI,3.07,172.79,81.93,78,0,10.27,clear sky
27,Dikson,RU,73.51,80.55,18.03,98,97,8.39,overcast clouds
28,Tiksi,RU,71.69,128.87,-6.3,90,0,6.78,clear sky
29,Katsuura,JP,35.13,140.3,59.0,77,75,3.36,broken clouds
30,Pacifica,US,37.61,-122.49,75.0,87,20,5.82,mist
31,Longyearbyen,SJ,78.22,15.64,32.0,93,0,27.51,clear sky
32,Iqaluit,CA,63.75,-68.51,10.4,78,75,5.82,broken clouds
33,Hithadhoo,MV,-0.6,73.08,83.19,74,100,10.96,light rain
34,Dedovichi,RU,57.55,29.95,34.5,91,0,5.14,clear sky
35,Ketchikan,US,55.34,-131.65,53.6,100,90,28.86,moderate rain
36,Nikolskoye,RU,59.7,30.79,32.0,94,90,8.95,mist
37,Dingle,PH,11.0,122.67,75.18,90,100,5.5,overcast clouds
38,Hilo,US,19.73,-155.09,81.0,74,90,3.36,light rain
39,Severo-Kurilsk,RU,50.68,156.12,40.46,75,0,4.92,clear sky
40,Provideniya,RU,64.38,-173.3,17.6,67,0,4.47,clear sky
41,Avarua,CK,-21.21,-159.78,77.0,88,62,18.34,broken clouds
42,Shingu,JP,33.73,135.98,58.23,84,1,4.83,clear sky
43,Safford,US,32.83,-109.71,80.6,18,1,16.11,clear sky
44,Vilhena,BR,-12.74,-60.15,86.0,45,75,5.82,haze
45,Aripuana,BR,-9.17,-60.63,75.49,94,100,1.16,overcast clouds
46,Atuona,PF,-9.8,-139.03,77.72,79,25,14.83,light rain
47,Maceio,BR,-9.67,-35.74,80.6,78,0,13.87,clear sky
48,Guisa,CU,20.25,-76.54,86.0,66,75,18.34,broken clouds
49,Virginia Beach,US,36.85,-75.98,63.0,82,90,9.17,overcast clouds
50,New Norfolk,AU,-42.78,147.06,57.0,76,100,2.13,overcast clouds
51,Uglegorsk,RU,49.08,142.03,46.62,92,100,3.42,moderate rain
52,Bredasdorp,ZA,-34.53,20.04,62.6,93,29,6.93,scattered clouds
53,Matara,LK,5.95,80.54,76.64,86,8,6.51,clear sky
54,Ushtobe,KZ,45.25,77.98,38.25,74,3,2.3,clear sky
55,Mwense,ZM,-10.38,28.7,71.37,49,23,0.74,few clouds
56,Ajka,HU,47.1,17.56,53.6,100,75,2.24,light rain
57,Kaitangata,NZ,-46.28,169.85,52.0,68,68,5.01,broken clouds
58,Kununurra,AU,-15.77,128.73,78.8,78,89,6.93,overcast clouds
59,Coquimbo,CL,-29.95,-71.34,59.0,72,20,13.87,few clouds
60,Anadyr,RU,64.75,177.48,12.2,85,75,2.24,broken clouds
61,Narsaq,GL,60.92,-46.05,26.6,68,0,3.36,light snow
62,Arraial Do Cabo,BR,-22.97,-42.03,71.6,68,75,6.93,broken clouds
63,Deputatskiy,RU,69.3,139.9,-14.96,88,90,6.4,overcast clouds
64,Albany,US,42.6,-73.97,46.99,85,100,11.68,moderate rain
65,Lebu,CL,-37.62,-73.65,57.65,80,5,6.73,clear sky
66,Tabas,IR,33.6,56.92,60.8,21,0,4.7,clear sky
67,Karratha,AU,-20.74,116.85,73.54,69,97,12.48,overcast clouds
68,Belem De Sao Francisco,BR,-8.75,-38.97,90.18,40,59,8.16,broken clouds
69,Hervey Bay,AU,-25.3,152.85,71.01,95,0,5.01,clear sky
70,Iskateley,RU,67.68,53.15,28.38,97,100,14.5,overcast clouds
71,Talnakh,RU,69.49,88.4,21.2,85,75,15.66,light snow
72,Tilichiki,RU,60.47,166.1,24.94,96,40,5.1,scattered clouds
73,Hovd,MN,48.01,91.64,25.61,88,1,1.52,clear sky
74,Damaturu,NG,11.75,11.96,80.71,23,100,9.1,overcast clouds
75,Khatanga,RU,71.97,102.5,3.38,92,100,5.79,overcast clouds
76,Beloha,MG,-25.17,45.05,66.78,80,9,15.61,clear sky
77,Husavik,IS,66.04,-17.34,37.4,59,90,2.24,overcast clouds
78,San Quintin,MX,30.48,-115.95,77.18,37,0,11.41,clear sky
79,Nalut,LY,30.33,10.85,62.11,53,8,11.03,clear sky
80,Bocaiuva,BR,-17.11,-43.81,75.2,78,0,6.93,clear sky
81,Abu Samrah,SY,35.3,37.18,59.2,87,50,1.88,scattered clouds
82,Okoneshnikovo,RU,54.84,75.08,36.01,87,100,13.33,overcast clouds
83,Carnot,CF,4.94,15.87,71.49,85,78,2.46,broken clouds
84,Srednekolymsk,RU,67.45,153.68,-4.59,91,93,7.31,overcast clouds
85,Ribeira Grande,PT,38.52,-28.7,62.6,88,75,11.41,broken clouds
86,Athabasca,CA,54.72,-113.29,55.4,54,2,10.29,clear sky
87,Kailua,US,21.4,-157.74,82.4,65,1,3.98,clear sky
88,Mataura,NZ,-46.19,168.86,48.0,88,67,7.0,light rain
89,Nachingwea,TZ,-10.38,38.77,72.72,80,20,5.84,few clouds
90,Bathsheba,BB,13.22,-59.52,84.2,74,40,20.8,shower rain
91,Bengkulu,ID,-3.8,102.27,75.16,86,99,4.07,overcast clouds
92,Faanui,PF,-16.48,-151.75,80.1,79,23,22.82,few clouds
93,Tessalit,ML,20.2,1.01,77.76,18,45,10.67,scattered clouds
94,Rasra,IN,25.85,83.85,70.48,37,10,4.81,clear sky
95,Tautira,PF,-17.73,-149.15,82.4,69,75,9.17,broken clouds
96,Geraldton,AU,-28.77,114.6,57.2,87,75,9.17,light rain
97,Busselton,AU,-33.65,115.33,55.0,82,88,5.86,overcast clouds
98,Touros,BR,-5.2,-35.46,82.4,74,40,17.22,scattered clouds
99,Tshikapa,CD,-6.42,20.8,72.1,90,100,3.51,moderate rain
100,Sao Joao Da Barra,BR,-21.64,-41.05,73.4,69,75,13.87,broken clouds
101,Bethel,US,41.37,-73.41,50.0,100,90,11.41,moderate rain
102,Mahebourg,MU,-20.41,57.7,69.8,64,20,6.93,few clouds
103,Codrington,AU,-38.27,141.97,54.07,82,48,6.6,scattered clouds
104,Mayya,RU,61.73,130.28,-23.8,74,40,4.47,mist
105,Chuy,UY,-33.7,-53.46,60.37,63,0,7.09,clear sky
106,Ca Mau,VN,9.18,105.15,75.94,92,100,3.33,light rain
107,Dogondoutchi,NE,13.64,4.03,85.12,14,0,7.11,clear sky
108,Saint-Philippe,RE,-21.36,55.77,68.0,68,75,6.93,broken clouds
109,Huilong,CN,31.81,121.66,66.0,95,100,8.52,light rain
110,Fortuna,US,40.6,-124.16,66.0,67,1,12.75,clear sky
111,Itarema,BR,-2.92,-39.92,80.6,79,0,16.84,clear sky
112,Sumter,US,28.71,-82.08,84.99,75,6,1.99,clear sky
113,Muros,ES,42.78,-9.06,66.0,91,100,18.99,overcast clouds
114,Dali,CN,25.7,100.18,57.74,88,73,2.59,broken clouds
115,Ixtapa,MX,20.7,-105.2,87.01,78,1,5.99,light rain
116,Samarai,PG,-10.62,150.67,82.02,82,94,7.92,light rain
117,Vostok,RU,46.49,135.88,27.32,99,70,3.76,broken clouds
118,Portland,US,45.52,-122.68,64.99,51,1,3.42,clear sky
119,Bakchar,RU,57.02,82.07,35.04,97,100,7.63,light rain
120,Noumea,NC,-22.28,166.46,82.4,51,0,6.93,clear sky
121,Suarez,CO,2.95,-76.7,82.0,97,100,2.46,light rain
122,Kruisfontein,ZA,-34.0,24.73,64.0,77,28,3.0,scattered clouds
123,Kapaa,US,22.08,-159.32,80.6,69,1,3.36,clear sky
124,Castro,BR,-24.79,-50.01,60.44,74,18,9.06,few clouds
125,Cherskiy,RU,68.75,161.3,3.49,94,100,5.39,overcast clouds
126,Praia,CV,14.92,-23.51,78.8,57,40,8.05,scattered clouds
127,Lodwar,KE,3.12,35.6,84.61,42,27,17.4,scattered clouds
128,Te Anau,NZ,-45.42,167.72,47.84,75,100,2.28,overcast clouds
129,Arlit,NE,18.74,7.39,77.83,21,100,17.96,overcast clouds
130,Belaya Gora,RU,68.53,146.42,-12.41,86,62,7.23,broken clouds
131,Cabo San Lucas,MX,22.89,-109.91,91.0,35,29,3.0,scattered clouds
132,Mandali,IQ,33.75,45.55,71.53,21,0,6.49,clear sky
133,Kaabong,UG,3.48,34.15,69.21,63,79,18.34,broken clouds
134,Neepawa,CA,50.23,-99.47,41.0,48,75,13.87,broken clouds
135,Luderitz,NA,-26.65,15.16,65.97,50,80,11.77,broken clouds
136,Mount Isa,AU,-20.73,139.5,60.8,29,0,18.39,clear sky
137,Smithers,CA,54.78,-127.17,50.0,76,75,11.41,light intensity shower rain
138,Bluff,NZ,-46.6,168.33,48.0,88,100,7.0,overcast clouds
139,Mayahi,NE,13.96,7.67,81.46,17,0,12.73,clear sky
140,Sur,OM,22.57,59.53,69.62,42,0,4.0,clear sky
141,Junction City,US,39.03,-96.83,55.99,19,1,6.93,clear sky
142,Pahrump,US,36.21,-115.98,86.0,8,34,3.0,scattered clouds
143,Sorong,ID,-0.88,131.25,80.62,81,100,7.49,light rain
144,Salalah,OM,17.02,54.09,77.0,69,0,2.24,clear sky
145,Zyryanka,RU,65.75,150.85,-3.08,91,96,1.83,overcast clouds
146,Tuatapere,NZ,-46.13,167.68,48.0,88,26,7.0,light rain
147,Dunedin,NZ,-45.87,170.5,53.01,58,100,15.01,overcast clouds
148,The Pas,CA,53.83,-101.25,35.6,74,75,8.05,broken clouds
149,Utete,TZ,-7.99,38.76,72.39,93,5,1.97,clear sky
150,Tual,ID,-5.67,132.75,83.7,70,100,14.92,overcast clouds
151,Torrington,US,41.8,-73.12,48.99,97,100,3.0,moderate rain
152,Mae Hong Son,TH,19.3,97.97,71.69,87,97,1.19,overcast clouds
153,Bonnyville,CA,54.27,-110.73,50.0,57,90,10.29,overcast clouds
154,Torbay,CA,47.67,-52.73,39.99,60,75,14.99,broken clouds
155,Bonavista,CA,48.65,-53.11,37.99,64,14,5.82,few clouds
156,Lata,PT,40.16,-8.33,66.0,91,98,1.21,overcast clouds
157,Antalaha,MG,-14.9,50.28,67.44,75,18,7.36,few clouds
158,Norman Wells,CA,65.28,-126.83,8.6,65,20,12.75,few clouds
159,La Ronge,CA,55.1,-105.28,41.0,88,84,5.82,broken clouds
160,Vila Velha,BR,-20.33,-40.29,73.4,78,75,11.41,broken clouds
161,Le Mars,US,42.79,-96.17,44.6,28,1,6.71,clear sky
162,Vanimo,PG,-2.67,141.3,78.85,82,99,5.23,moderate rain
163,Asilah,MA,35.47,-6.03,66.2,72,0,10.29,clear sky
164,Port Lincoln,AU,-34.73,135.87,63.93,61,47,11.5,light rain
165,Tasiilaq,GL,65.61,-37.64,28.4,79,90,5.82,overcast clouds
166,Waingapu,ID,-9.66,120.26,78.66,77,97,5.55,overcast clouds
167,Luanda,AO,-8.84,13.23,77.0,88,75,8.05,broken clouds
168,Hobart,AU,-42.88,147.33,57.2,82,20,5.82,few clouds
169,Bambous Virieux,MU,-20.34,57.76,69.8,64,20,6.93,few clouds
170,Port Elizabeth,ZA,-33.92,25.57,64.4,82,20,11.41,few clouds
171,Sorland,NO,67.67,12.69,49.71,81,100,29.75,light rain
172,Abu Dhabi,AE,24.47,54.37,78.8,74,0,2.24,clear sky
173,Port Alfred,ZA,-33.59,26.89,65.73,83,43,20.69,scattered clouds
174,Saskylakh,RU,71.92,114.08,-10.07,88,88,9.6,overcast clouds
175,Samana,DO,19.21,-69.34,86.0,74,20,11.41,few clouds
176,Rio Gallegos,AR,-51.62,-69.22,66.2,32,0,13.87,clear sky
177,Teya,RU,60.38,92.63,34.54,90,100,13.53,overcast clouds
178,Fairbanks,US,64.84,-147.72,1.0,83,40,3.36,scattered clouds
179,Vestmannaeyjar,IS,63.44,-20.27,37.4,74,0,16.11,clear sky
180,Olinda,BR,-8.01,-34.86,82.4,69,40,9.17,scattered clouds
181,Cape Town,ZA,-33.93,18.42,68.0,64,0,14.99,clear sky
182,Hofn,IS,64.25,-15.21,39.16,69,0,15.19,clear sky
183,Chandla,IN,25.08,80.2,68.07,24,9,4.63,clear sky
184,Maine-Soroa,NE,13.21,12.02,81.34,20,77,9.8,broken clouds
185,Sarkand,KZ,45.41,79.92,42.26,54,44,3.8,scattered clouds
186,Jiujiang,CN,29.73,115.98,59.05,90,100,6.73,light rain
187,Charlestown,AU,-32.95,151.67,62.01,84,97,16.11,overcast clouds
188,Souillac,MU,-20.52,57.52,69.8,64,20,6.93,few clouds
189,Arcata,US,40.87,-124.08,66.0,76,1,4.14,clear sky
190,Xining,CN,36.62,101.77,30.29,81,13,1.83,few clouds
191,Taoudenni,ML,22.68,-3.98,82.96,16,100,12.37,overcast clouds
192,Camana,PE,-16.62,-72.71,68.83,67,50,7.0,scattered clouds
193,Lavrentiya,RU,65.58,-171.0,22.1,88,0,4.09,clear sky
194,Gurlan,UZ,41.84,60.39,42.8,45,0,9.17,clear sky
195,Hermanus,ZA,-34.42,19.23,63.0,83,2,4.0,clear sky
196,Maldonado,UY,-34.67,-54.92,64.99,82,20,9.17,few clouds
197,Makakilo City,US,21.35,-158.09,82.4,58,1,1.25,clear sky
198,Sandwick,GB,60.0,-1.25,50.0,76,40,27.51,scattered clouds
199,Jaguey Grande,CU,22.53,-81.13,86.0,74,40,12.75,scattered clouds
200,Qaqortoq,GL,60.72,-46.03,26.6,68,0,3.36,light snow
201,Aktash,RU,50.3,87.73,17.76,80,67,3.8,broken clouds
202,Lida,BY,53.88,25.3,40.17,92,0,4.5,clear sky
203,Tucuman,AR,-26.82,-65.22,87.8,19,0,11.41,clear sky
204,Hokitika,NZ,-42.72,170.97,55.11,81,100,2.71,overcast clouds
205,Ahuimanu,US,21.44,-157.84,82.4,65,1,2.89,clear sky
206,Catuday,PH,16.29,119.81,78.78,79,83,28.14,light rain
207,College,US,64.86,-147.8,1.0,76,75,0.98,broken clouds
208,Margate,GB,51.38,1.39,63.0,94,100,7.0,overcast clouds
209,Verkhoyansk,RU,67.54,133.38,-12.68,88,90,2.75,overcast clouds
210,Tuktoyaktuk,CA,69.45,-133.04,10.4,85,90,10.29,light snow
211,Tukrah,LY,32.53,20.58,68.86,64,17,6.91,few clouds
212,Chokurdakh,RU,70.63,147.92,0.61,94,100,11.03,light snow
213,Maragogi,BR,-9.01,-35.22,77.63,81,81,10.96,broken clouds
214,Takoradi,GH,4.88,-1.76,78.84,88,100,7.78,overcast clouds
215,Camacha,PT,33.08,-16.33,68.0,82,20,2.24,few clouds
216,Thompson,CA,55.74,-97.86,23.0,85,90,11.41,overcast clouds
217,Clyde River,CA,70.47,-68.59,12.2,92,90,3.36,light snow
218,Qui Nhon,VN,13.77,109.23,75.38,84,97,13.02,light rain
219,Macapa,BR,0.04,-51.07,93.2,56,20,11.41,few clouds
220,Breytovo,RU,58.3,37.86,34.75,89,67,7.31,broken clouds
221,Daru,PG,-9.08,143.21,81.43,83,99,13.13,overcast clouds
222,Lensk,RU,60.73,114.93,-1.17,90,0,4.25,clear sky
223,Campeche,MX,19.0,-90.5,78.62,95,17,4.65,light rain
224,Cidreira,BR,-30.18,-50.21,64.98,63,28,8.59,scattered clouds
225,Constitucion,CL,-35.33,-72.42,57.92,76,61,8.48,broken clouds
226,Biltine,TD,14.53,20.92,82.09,27,42,8.28,scattered clouds
227,Arman,RU,59.7,150.17,30.22,94,100,7.27,overcast clouds
228,Bandarbeyla,SO,9.49,50.81,77.11,75,0,19.98,clear sky
229,Pingzhuang,CN,42.04,119.29,30.83,75,0,6.26,clear sky
230,Windhoek,NA,-22.56,17.08,75.2,11,51,2.24,broken clouds
231,Morris,US,40.83,-74.53,53.01,96,100,1.99,overcast clouds
232,La Palma,US,33.85,-118.05,84.0,34,1,3.36,clear sky
233,Nemuro,JP,43.32,145.57,56.34,86,100,22.03,light rain
234,Treinta Y Tres,UY,-33.23,-54.38,66.13,64,0,5.19,clear sky
235,Upernavik,GL,72.79,-56.15,16.57,93,96,4.38,overcast clouds
236,Mazyr,BY,52.05,29.25,43.86,87,98,7.09,overcast clouds
237,Mayo,US,38.89,-76.51,60.8,87,40,5.82,scattered clouds
238,Nhulunbuy,AU,-12.23,136.77,73.4,88,46,3.36,scattered clouds
239,Tarko-Sale,RU,64.92,77.78,30.65,97,93,20.65,overcast clouds
240,Gravdal,NO,68.12,13.5,50.0,66,75,27.51,broken clouds
241,Sitka,US,57.05,-135.33,46.4,87,90,4.7,moderate rain
242,Atlantic City,US,39.36,-74.42,59.0,100,90,4.7,light rain
243,Carnarvon,AU,-24.87,113.63,68.0,64,40,18.34,scattered clouds
244,Opuwo,NA,-18.06,13.84,73.08,30,53,6.8,broken clouds
245,Mount Gambier,AU,-37.83,140.77,50.0,93,57,5.82,broken clouds
246,Naucalpan,MX,19.48,-99.24,71.6,34,45,16.51,scattered clouds
247,Zigong,CN,29.34,104.78,59.38,67,100,0.87,light rain
248,Bilma,NE,18.69,12.92,73.04,23,0,6.98,clear sky
249,Ostrovnoy,RU,68.05,39.51,37.13,92,100,21.43,overcast clouds
250,Kodiak,US,57.79,-152.41,30.2,58,90,13.87,light snow
251,Lahan,NP,26.73,86.5,72.97,73,65,2.66,broken clouds
252,Shubarkuduk,KZ,49.14,56.49,48.11,50,54,6.24,broken clouds
253,Airai,TL,-8.93,125.41,60.39,78,98,2.35,overcast clouds
254,Raudeberg,NO,61.99,5.14,48.0,87,100,27.11,light rain
255,Amarante Do Maranhao,BR,-5.57,-46.74,85.62,48,71,2.01,broken clouds
256,Grindavik,IS,63.84,-22.43,35.6,75,75,6.93,broken clouds
257,Truro,GB,50.27,-5.05,60.8,93,100,32.21,overcast clouds
258,Umm Lajj,SA,25.02,37.27,79.48,59,45,2.95,scattered clouds
259,Igarka,RU,67.47,86.58,19.67,97,100,10.69,light snow
260,Ola,RU,59.58,151.28,29.52,93,100,9.35,overcast clouds
261,Iberia,US,29.95,-91.75,75.2,44,1,17.22,clear sky
262,Amazar,RU,53.86,120.88,9.07,78,100,11.07,overcast clouds
263,Jacareacanga,BR,-6.22,-57.75,75.04,96,97,6.24,heavy intensity rain
264,Manokwari,ID,-0.87,134.08,82.33,68,100,4.16,moderate rain
265,Kamenka,RU,51.32,42.77,41.7,79,12,8.37,few clouds
266,Buala,SB,-8.14,159.59,83.5,75,91,6.13,overcast clouds
267,Festus,US,38.22,-90.4,52.0,34,0,14.79,clear sky
268,Saint-Francois,FR,46.42,3.91,66.2,68,75,9.17,broken clouds
269,Pereslavl-Zalesskiy,RU,56.74,38.86,38.66,88,100,8.77,overcast clouds
270,Ornskoldsvik,SE,63.29,18.72,44.6,100,100,24.16,moderate rain
271,Chapais,CA,49.78,-74.85,32.0,99,90,11.41,light snow
272,Lasa,IT,46.62,10.7,50.0,66,75,4.7,broken clouds
273,Rundu,NA,-17.93,19.77,79.09,27,64,4.63,broken clouds
274,Aklavik,CA,68.22,-135.01,17.6,72,75,6.93,broken clouds
275,Bandipur,NP,27.93,84.42,58.62,84,9,2.04,clear sky
276,Lagoa,PT,39.05,-27.98,63.05,83,100,21.27,light rain
277,Kavaratti,IN,10.57,72.64,81.66,70,0,3.6,clear sky
278,Catalina Foothills,US,32.3,-110.92,91.0,15,20,13.87,few clouds
279,Ati,TD,13.22,18.34,86.95,22,22,14.47,few clouds
280,Beringovskiy,RU,63.05,179.32,23.54,96,100,4.0,overcast clouds
281,Kumluca,TR,36.37,30.29,68.07,40,50,3.87,scattered clouds
282,Atherton,GB,53.52,-2.49,63.0,82,100,5.01,moderate rain
283,Esperance,AU,-33.87,121.9,62.6,100,90,11.41,light rain
284,Puerto Lleras,CO,3.02,-73.4,74.26,93,100,2.21,overcast clouds
285,Rocha,UY,-34.48,-54.33,60.55,69,0,6.26,clear sky
286,Barrow,US,71.29,-156.79,28.4,74,75,20.8,broken clouds
287,Brigantine,US,39.41,-74.36,59.0,100,90,4.7,moderate rain
288,Ayan,RU,56.45,138.17,26.46,98,100,20.76,snow
289,Nikolsk,RU,53.72,46.07,40.32,92,100,8.84,light rain
290,Mendoza,AR,-32.89,-68.83,86.0,13,0,4.7,clear sky
291,Dakoro,NE,14.51,6.76,81.0,17,0,11.72,clear sky
292,Kendari,ID,-3.94,122.5,74.52,92,100,3.02,overcast clouds
293,Fengzhen,CN,40.44,113.15,27.81,77,0,6.91,clear sky
294,Lakota,CI,5.85,-5.69,72.54,99,69,2.86,broken clouds
295,Xuanzhou,CN,30.95,118.76,59.99,87,100,3.76,overcast clouds
296,Nakhon Thai,TH,17.1,100.84,73.13,88,3,2.26,clear sky
297,Ahipara,NZ,-35.17,173.17,68.38,74,100,7.11,overcast clouds
298,Eydhafushi,MV,5.1,73.07,82.35,69,64,5.1,broken clouds
299,Palora,EC,-1.7,-77.93,71.6,83,90,4.7,shower rain
300,Glens Falls,US,43.31,-73.64,46.99,87,90,8.05,moderate rain
301,Ankazobe,MG,-18.32,47.12,59.0,87,20,5.82,few clouds
302,Hambantota,LK,6.12,81.12,78.8,100,90,1.12,overcast clouds
303,Porto Velho,BR,-8.76,-63.9,86.0,70,75,6.93,shower rain
304,Kozluk,TR,38.19,41.49,73.4,35,75,5.82,light rain
305,Zapolyarnyy,RU,69.42,30.81,37.4,93,75,27.51,broken clouds
306,Fort Frances,CA,48.6,-93.4,30.2,39,1,11.41,clear sky
307,Bambari,CF,5.77,20.68,71.94,84,17,1.88,few clouds
308,Alice Springs,AU,-23.7,133.88,62.6,29,0,8.55,clear sky
309,Lompoc,US,34.64,-120.46,82.0,47,1,12.75,clear sky
310,Hamilton,US,39.18,-84.53,48.2,39,40,23.04,scattered clouds
311,Leningradskiy,RU,69.38,178.42,14.34,82,90,5.7,overcast clouds
312,Sarangani,PH,5.4,125.46,83.17,74,100,8.1,overcast clouds
313,Nakambala,ZM,-15.83,27.78,71.19,47,0,7.29,clear sky
314,Urumqi,CN,43.8,87.6,35.6,64,0,6.71,clear sky
315,Sohag,EG,26.56,31.69,77.0,53,0,9.17,clear sky
316,Cardston,CA,49.2,-113.3,62.6,28,2,27.51,clear sky
317,Gamba,GA,-2.65,10.0,76.14,90,100,0.58,overcast clouds
318,Nhamunda,BR,-2.19,-56.71,95.67,33,19,1.97,few clouds
319,Christchurch,NZ,-43.53,172.63,57.0,76,100,2.24,overcast clouds
320,Mokhsogollokh,RU,61.47,128.92,-12.89,89,6,1.99,clear sky
321,Saint George,US,37.1,-113.58,77.0,12,1,3.15,clear sky
322,Naze,JP,28.37,129.48,73.4,94,75,4.7,broken clouds
323,Yeppoon,AU,-23.13,150.73,71.6,88,75,6.73,broken clouds
324,Los Llanos De Aridane,ES,28.66,-17.92,78.8,22,0,8.05,clear sky
325,Jobabo,CU,20.97,-76.3,86.0,66,75,18.34,broken clouds
326,Pasni,PK,25.26,63.47,74.44,40,0,9.17,clear sky
327,Westport,US,41.14,-73.36,54.0,81,90,10.29,moderate rain
328,Baruun-Urt,MN,46.68,113.28,14.27,81,9,8.68,clear sky
329,Krasnoselkup,RU,65.7,82.47,22.87,96,100,18.1,overcast clouds
330,Northam,GB,51.03,-4.22,62.01,95,100,20.0,overcast clouds
331,Necochea,AR,-38.55,-58.74,64.0,64,40,12.66,scattered clouds
332,Nanortalik,GL,60.14,-45.24,30.38,86,0,30.4,clear sky
333,Los Alamos,US,35.89,-106.31,57.0,32,1,3.36,clear sky
334,Peru,US,40.75,-86.07,39.2,44,90,24.16,overcast clouds
335,Ouadda,CF,8.08,22.4,70.59,83,60,2.26,broken clouds
336,Mahajanga,MG,-15.72,46.32,78.8,69,20,5.82,few clouds
337,Namatanai,PG,-3.67,152.43,81.95,77,99,4.38,overcast clouds
338,Oksfjord,NO,70.24,22.35,42.8,75,0,17.22,clear sky
339,Hailey,US,43.52,-114.32,63.0,21,5,9.17,clear sky
340,Port-Gentil,GA,-0.72,8.78,80.6,88,75,9.17,thunderstorm
341,Evensk,RU,61.95,159.23,20.32,93,90,5.19,overcast clouds
342,Korla,CN,41.76,86.15,35.01,59,0,7.0,clear sky
343,Matadi,CD,-5.82,13.45,79.09,80,99,8.28,light rain
344,Cairns,AU,-16.92,145.77,69.8,77,40,10.29,scattered clouds
345,Kahului,US,20.89,-156.47,86.0,58,40,9.17,scattered clouds
346,Betare Oya,CM,5.6,14.08,68.79,89,70,3.27,light rain
347,Roebourne,AU,-20.78,117.13,73.2,70,93,10.85,overcast clouds
348,Mirnyy,RU,62.54,113.96,-7.6,76,0,6.71,clear sky
349,Altamira,BR,-3.2,-52.21,95.0,41,20,6.93,few clouds
350,Tarakan,ID,3.3,117.63,76.33,88,100,7.65,overcast clouds
351,Natal,BR,-5.79,-35.21,82.4,78,40,14.99,scattered clouds
352,Santiago De Cao,PE,-7.96,-79.24,64.4,77,75,10.29,broken clouds
353,Russkaya Polyana,UA,49.42,31.92,46.06,91,100,9.64,light rain
354,Ciampino,IT,41.8,12.61,60.8,82,40,4.7,scattered clouds
355,Ouallam,NE,14.32,2.09,85.39,14,0,11.39,clear sky
356,Serafimovskiy,RU,54.42,53.8,30.97,99,22,4.43,few clouds
357,Knysna,ZA,-34.04,23.05,59.0,100,0,2.24,clear sky
358,Thinadhoo,MV,0.53,72.93,83.16,75,99,10.67,overcast clouds
359,Byron Bay,AU,-28.65,153.62,64.4,82,19,6.93,few clouds
360,Ilulissat,GL,69.22,-51.1,19.4,62,100,9.17,overcast clouds
361,Muzhi,RU,65.37,64.67,26.58,94,21,14.61,few clouds
362,Majene,ID,-3.54,118.97,78.12,85,99,5.5,light rain
363,Thunder Bay,CA,48.4,-89.32,30.2,39,1,16.11,clear sky
364,Bacolod,PH,10.67,122.95,77.22,81,79,8.01,broken clouds
365,Tsogni,GA,-2.79,10.1,75.25,93,100,1.28,overcast clouds
366,Japura,ID,-0.32,102.35,73.98,95,100,1.77,overcast clouds
367,Buraydah,SA,26.33,43.98,69.8,37,0,6.93,clear sky
368,Whitianga,NZ,-36.83,175.7,70.0,76,99,3.0,overcast clouds
369,Nouadhibou,MR,20.93,-17.03,82.4,32,100,11.41,overcast clouds
370,Puerto Ayacucho,VE,5.66,-67.62,74.88,93,100,9.64,light rain
371,Boguchar,RU,49.94,40.55,51.28,88,53,10.4,light rain
372,Pinawa,CA,50.15,-95.88,30.79,84,67,10.36,broken clouds
373,Anjiang,CN,27.32,110.1,55.2,87,100,1.63,light rain
374,Pangai,TO,-19.8,-174.35,77.0,83,75,23.04,broken clouds
375,Lae,PG,-6.72,146.98,75.2,73,40,3.36,scattered clouds
376,Nyurba,RU,63.28,118.33,1.27,92,39,8.46,scattered clouds
377,Ulaanbaatar,MN,47.91,106.88,-0.4,77,0,2.24,clear sky
378,Port Blair,IN,11.67,92.75,79.97,79,57,3.89,broken clouds
379,Sakhipur,BD,24.3,90.18,77.0,83,75,3.18,haze
380,Palana,RU,59.12,159.97,29.84,93,97,6.76,overcast clouds
381,Mitha Tiwana,PK,32.25,72.11,68.13,21,0,2.82,clear sky
382,Yelizovo,RU,53.19,158.38,30.2,80,3,6.71,clear sky
383,Duvan,RU,55.7,57.9,29.44,96,37,3.62,scattered clouds
384,Guerrero Negro,MX,27.98,-114.06,80.46,37,19,11.12,few clouds
385,Pevek,RU,69.7,170.31,15.6,91,100,13.15,overcast clouds
386,Semporna,MY,4.48,118.61,75.2,94,20,5.84,light rain
387,Petropavlovsk-Kamchatskiy,RU,53.05,158.65,28.4,86,8,4.47,clear sky
388,Altamont,US,42.21,-121.74,69.01,31,1,2.3,clear sky
389,La Asuncion,VE,11.03,-63.86,95.0,50,86,14.99,light rain
390,Eenhana,NA,-17.47,16.33,86.0,33,11,6.93,few clouds
391,Inverell,AU,-29.78,151.12,62.01,70,0,3.0,clear sky
392,Morant Bay,JM,17.88,-76.41,82.4,83,75,19.46,shower rain
393,Powell,US,40.16,-83.08,39.99,51,90,26.4,overcast clouds
394,Pueblo,US,38.25,-104.61,68.0,27,1,6.13,clear sky
395,Yeniseysk,RU,58.45,92.17,33.42,96,100,9.26,overcast clouds
396,Medicine Hat,CA,50.05,-110.67,60.8,38,75,9.17,broken clouds
397,Soderhamn,SE,61.3,17.06,48.99,98,100,8.01,overcast clouds
398,Saint Anthony,US,45.02,-93.22,39.0,32,1,12.75,clear sky
399,Tambovka,RU,50.1,128.05,21.2,92,75,11.18,shower snow
400,Meadow Lake,US,34.8,-106.54,68.0,29,75,3.94,broken clouds
401,Masalli,KR,34.8,126.66,55.4,100,92,3.36,moderate rain
402,Lazarev,RU,52.23,141.51,41.38,93,100,0.09,light rain
403,Bo Phloi,TH,14.32,99.52,74.43,91,6,5.95,clear sky
404,San Nicolas,PH,18.17,120.6,79.57,84,100,15.99,light rain
405,Kindu,CD,-2.95,25.95,70.16,91,92,0.47,light rain
406,Pinega,RU,64.7,43.39,30.7,96,99,6.58,overcast clouds
407,Jieshi,CN,22.81,115.83,73.0,76,91,7.47,overcast clouds
408,Huaicheng,CN,23.91,112.19,69.73,71,77,3.49,broken clouds
409,Dire Dawa,ET,9.59,41.87,65.28,55,0,1.3,clear sky
410,Escanaba,US,45.75,-87.06,35.01,50,90,19.46,overcast clouds
411,Tvoroyri,FO,61.56,-6.81,42.8,93,91,1.12,light rain
412,Moree,AU,-29.47,149.85,59.0,72,0,13.15,clear sky
413,Valparaiso,CL,-33.04,-71.63,57.99,76,40,6.93,scattered clouds
414,Lorengau,PG,-2.02,147.27,83.84,72,11,6.08,few clouds
415,Batemans Bay,AU,-35.72,150.18,59.0,88,4,3.0,clear sky
416,Vieux-Habitants,GP,16.06,-61.77,80.6,88,77,10.29,broken clouds
417,Porto Novo,BJ,6.5,2.6,79.92,85,65,8.46,broken clouds
418,Aitape,PG,-3.14,142.35,78.8,81,100,4.61,heavy intensity rain
419,Sao Jose Da Coroa Grande,BR,-8.9,-35.15,78.03,81,72,11.12,broken clouds
420,Auki,SB,-8.77,160.7,82.24,77,70,2.35,broken clouds
421,Sao Filipe,CV,14.9,-24.5,79.12,77,59,9.66,broken clouds
422,Greer,US,34.94,-82.23,70.0,52,1,12.75,clear sky
423,Shimoda,JP,34.67,138.95,53.01,86,31,5.93,scattered clouds
424,Port Hardy,CA,50.7,-127.42,53.6,71,75,6.93,broken clouds
425,Stege,DK,54.99,12.28,57.99,88,100,10.0,overcast clouds
426,Zaton,RU,53.29,83.81,32.0,96,20,8.95,few clouds
427,Faya,SA,18.39,42.45,62.6,27,0,3.36,clear sky
428,Honningsvag,NO,70.98,25.97,41.0,75,40,18.34,scattered clouds
429,Kinkala,CG,-4.36,14.76,73.4,94,20,1.12,thunderstorm
430,Abakaliki,NG,6.32,8.12,76.57,89,97,6.55,overcast clouds
431,Simao,CN,22.79,100.97,62.08,95,74,1.7,broken clouds
432,Havoysund,NO,71.0,24.66,41.0,75,40,18.34,scattered clouds
433,Wonthaggi,AU,-38.6,145.59,57.0,95,99,3.96,overcast clouds
434,Santa Maria,BR,-29.68,-53.81,75.2,41,40,11.41,scattered clouds
435,Port Macquarie,AU,-31.43,152.92,66.0,71,98,4.0,overcast clouds
436,Sistranda,NO,63.73,8.83,53.6,58,75,27.51,light rain
437,Salo,IT,45.61,10.53,55.0,100,90,3.36,fog
438,Ladushkin,RU,54.57,20.17,44.6,87,20,8.95,few clouds
439,Mogadishu,SO,2.04,45.34,79.54,80,100,10.36,light rain
440,Traverse City,US,44.76,-85.62,35.6,69,90,31.09,light rain
441,Whitehorse,CA,60.72,-135.05,9.0,77,90,8.05,light snow
442,Wakkanai,JP,45.41,141.67,53.04,89,98,12.15,light rain
443,At-Bashi,KG,41.17,75.81,28.29,63,12,1.77,few clouds
444,Paamiut,GL,61.99,-49.67,28.22,93,96,4.43,overcast clouds
445,Baykit,RU,61.67,96.37,20.62,95,100,5.26,light snow
446,Kerema,PG,-7.96,145.78,80.24,84,84,7.49,broken clouds
447,Moerai,PF,-22.43,-151.33,75.97,86,95,18.07,light rain
448,Palmer,US,42.16,-72.33,50.0,81,90,10.29,light rain
449,Los Angeles,US,34.05,-118.24,87.01,30,1,6.2,clear sky
450,Huarmey,PE,-10.07,-78.15,67.71,68,96,9.78,overcast clouds
451,Tarabha,IN,20.73,83.65,71.78,81,0,1.63,clear sky
452,Aksu,CN,41.12,80.26,38.7,63,0,2.01,clear sky
453,Caravelas,BR,-17.71,-39.25,69.84,88,100,9.37,overcast clouds
454,Laguna,US,38.42,-121.42,80.01,27,1,5.82,clear sky
455,Rondonopolis,BR,-16.47,-54.64,84.06,57,57,4.97,broken clouds
456,Voh,NC,-20.97,164.7,80.94,61,1,3.76,clear sky
457,Cayenne,GF,4.93,-52.33,82.4,83,75,3.36,moderate rain
458,Dayong,CN,25.02,118.29,71.6,68,0,2.24,clear sky
459,Camalu,MX,30.85,-116.07,82.99,18,0,7.0,clear sky
460,Kamiiso,JP,41.82,140.65,56.68,90,100,7.49,overcast clouds
461,Tete,MZ,-16.16,33.59,86.0,45,20,5.82,few clouds
462,Labuhan,ID,-6.88,112.21,77.58,83,74,4.85,moderate rain
463,Pisco,PE,-13.7,-76.22,66.2,77,90,9.17,overcast clouds
464,Komsomolskiy,UZ,40.43,71.72,46.4,39,100,6.93,mist
465,Innisfail,AU,-17.53,146.03,74.43,76,19,3.91,few clouds
466,Shumyachi,RU,53.86,32.42,42.44,91,100,8.79,light rain
467,Along,IN,28.17,94.77,64.35,85,26,1.01,scattered clouds
468,Batagay-Alyta,RU,67.8,130.41,-9.9,85,47,1.61,scattered clouds
469,Jaltenango,MX,15.87,-92.72,78.06,72,100,3.85,light rain
470,Casablanca,MA,33.59,-7.62,64.4,88,20,4.7,few clouds
471,Hurricane,US,37.18,-113.29,80.6,10,1,6.93,clear sky
472,Mumbwa,ZM,-14.98,27.06,71.8,45,0,7.0,clear sky
473,Puerto Del Rosario,ES,28.5,-13.86,69.8,88,20,18.34,few clouds
474,Acapulco,MX,16.86,-99.89,86.54,63,32,9.1,scattered clouds
475,Walvis Bay,NA,-22.96,14.51,55.99,82,9,5.82,clear sky
476,Yulara,AU,-25.24,130.99,75.2,20,20,6.93,few clouds
477,Tripoli,LY,32.88,13.19,70.03,62,0,6.44,clear sky
478,Bannu,PK,32.99,70.6,63.09,24,0,2.53,clear sky
479,Coihaique,CL,-45.58,-72.07,78.8,21,0,6.93,clear sky
480,Honiara,SB,-9.43,159.95,82.62,75,99,5.3,overcast clouds
481,Ugoofaaru,MV,5.67,73.0,82.09,71,47,5.95,scattered clouds
482,Vagur,FO,61.47,-6.81,46.8,83,96,4.25,light rain
483,Koudougou,BF,12.25,-2.37,84.24,19,0,6.93,clear sky
484,Jiuquan,CN,39.74,98.52,32.05,82,0,2.82,clear sky
485,Gogrial,SS,8.53,28.1,77.4,70,17,3.69,few clouds
486,Baghmara,IN,23.8,86.21,72.75,54,1,5.14,clear sky
487,Almaznyy,RU,48.04,40.05,57.2,93,75,6.71,broken clouds
488,Moose Factory,CA,51.26,-80.61,32.0,93,90,29.97,overcast clouds
489,Burns Lake,CA,54.23,-125.75,51.8,66,100,10.29,overcast clouds
490,Strazske,SK,48.87,21.84,48.2,76,75,6.93,broken clouds
491,Hay River,CA,60.82,-115.8,19.4,92,100,14.99,overcast clouds
492,Oranjemund,NA,-28.55,16.43,63.1,65,0,8.37,clear sky
493,Marawi,PH,8.0,124.29,73.99,92,100,1.99,overcast clouds
494,Calama,CL,-22.47,-68.93,73.4,9,0,25.28,clear sky
495,Yerbogachen,RU,61.28,108.01,6.17,93,0,8.14,clear sky
496,Villa Rica,US,33.73,-84.92,68.0,51,0,1.99,clear sky
497,Monrovia,LR,6.3,-10.8,79.72,84,73,8.05,broken clouds
498,Ridgecrest,US,35.62,-117.67,82.99,6,58,3.0,broken clouds
499,Kayes,ML,14.0,-11.0,84.25,16,33,1.43,scattered clouds
500,Oktyabrskiy,RU,54.48,53.47,32.56,96,46,4.47,scattered clouds
501,Hammerfest,NO,70.66,23.68,41.0,65,0,9.17,clear sky
502,Tura,IN,25.52,90.22,68.97,96,99,1.57,overcast clouds
503,Sterling,US,39.01,-77.43,57.0,87,90,10.29,overcast clouds
504,Puerto Quijarro,BO,-17.78,-57.77,89.89,34,52,6.89,broken clouds
505,Cockburn Town,TC,21.46,-71.14,84.2,66,75,12.75,broken clouds
506,San Rafael,AR,-34.62,-68.33,84.29,15,0,15.41,clear sky
507,Oktyabrskoye,RU,43.06,44.74,46.4,93,57,8.95,broken clouds
508,Sagua La Grande,CU,22.81,-80.08,86.0,66,40,12.75,scattered clouds
509,Jackson,US,42.42,-122.83,69.8,30,1,1.41,clear sky
510,Uvat,RU,59.14,68.9,26.65,98,46,6.06,scattered clouds
511,Timizart,DZ,36.8,4.27,59.14,78,0,3.47,clear sky
512,Nicoya,CR,10.15,-85.45,82.4,74,75,14.99,shower rain
513,Nsanje,MW,-16.92,35.26,72.9,74,1,5.46,clear sky
514,Nizhniy Kuranakh,RU,58.84,125.49,-9.85,89,99,0.98,overcast clouds
515,Termini Imerese,IT,37.98,13.7,64.99,72,0,1.01,clear sky
516,Chany,RU,55.31,76.76,35.8,92,100,13.94,overcast clouds
517,Beboto,TD,8.27,16.94,75.16,72,2,5.08,clear sky
518,San Mateo Del Mar,MX,16.2,-95.0,83.73,62,23,32.48,few clouds
519,Peniche,PT,39.36,-9.38,66.0,90,100,1.01,overcast clouds
520,Talcahuano,CL,-36.72,-73.12,55.4,82,90,5.82,overcast clouds
521,Dalvik,IS,65.97,-18.53,37.4,59,90,2.24,overcast clouds
522,Jiazi,CN,22.88,116.07,69.31,84,99,6.98,overcast clouds
523,Vao,NC,-22.67,167.48,74.35,85,100,17.81,overcast clouds
524,Sorbhog,IN,26.5,90.87,70.9,91,25,4.32,scattered clouds
525,Mehamn,NO,71.04,27.85,41.0,86,0,18.34,clear sky
526,Swan River,CA,52.11,-101.27,44.6,42,65,18.34,broken clouds
527,Yumen,CN,40.28,97.2,27.84,89,0,2.28,clear sky
528,Cuamba,MZ,-14.8,36.54,73.18,69,66,2.62,broken clouds
529,Khilok,RU,51.37,110.47,12.4,92,98,8.01,overcast clouds
530,Lingao,CN,19.91,109.69,70.56,86,76,4.12,broken clouds
531,Kodinsk,RU,58.69,99.18,23.18,96,100,10.0,light snow
532,Axim,GH,4.87,-2.24,78.37,89,100,7.18,overcast clouds
533,Markova,UA,48.68,24.41,37.49,83,0,4.61,clear sky
534,Arecibo,PR,18.47,-66.72,84.99,73,73,4.0,broken clouds
535,Meulaboh,ID,4.14,96.13,76.1,87,100,2.68,overcast clouds
536,Sosnovo-Ozerskoye,RU,52.52,111.54,13.01,91,42,6.71,scattered clouds
537,Tagusao,PH,9.19,117.81,80.35,81,100,10.76,moderate rain
538,Panzhihua,CN,26.59,101.71,65.03,80,97,4.32,overcast clouds
539,San Patricio,US,28.02,-97.52,84.0,37,20,12.75,few clouds
540,De Aar,ZA,-30.65,24.01,66.29,40,0,17.38,clear sky
541,Svetlogorsk,BY,52.63,29.73,43.88,85,100,7.56,overcast clouds
542,Isangel,VU,-19.55,169.27,78.6,75,10,14.61,clear sky
543,Cedar City,US,37.68,-113.06,64.4,10,1,6.93,clear sky
544,Gerash,IR,27.67,54.14,62.6,36,0,4.7,clear sky
545,Montepuez,MZ,-13.13,39.0,71.22,69,46,4.36,scattered clouds
546,Benguela,AO,-12.58,13.41,77.68,82,100,6.64,overcast clouds
547,Changping,CN,40.22,116.22,52.0,23,0,8.95,clear sky
548,Adrar,MR,20.5,-10.07,81.41,16,100,9.57,overcast clouds
549,Sayyan,YE,15.17,44.32,50.14,42,0,6.13,clear sky
550,Mahina,PF,-17.51,-149.49,82.4,69,75,9.17,broken clouds
551,Kashi,CN,39.45,75.98,42.8,38,0,11.18,clear sky
552,Gidole,ET,5.65,37.37,56.19,100,97,6.51,light rain
553,Batagay,RU,67.63,134.63,-13.41,87,96,4.23,overcast clouds
554,Hami,CN,42.8,93.45,37.56,64,0,5.99,clear sky
555,Da Lat,VN,11.95,108.44,56.12,100,100,2.91,overcast clouds
556,Taltal,CL,-25.4,-70.48,64.36,58,23,6.44,few clouds
557,Kuching,MY,1.55,110.33,77.0,94,40,4.7,scattered clouds
558,Iranshahr,IR,27.2,60.68,62.6,11,0,6.93,clear sky
559,Winnemucca,US,40.97,-117.74,66.2,16,1,4.7,clear sky
560,Leh,IN,34.17,77.58,29.28,68,18,3.4,few clouds
561,Santa Rosa,PH,14.31,121.11,77.0,94,90,3.36,overcast clouds
562,Melfi,IT,41.0,15.65,48.2,87,90,13.87,fog
563,Jumla,NP,29.27,82.18,45.57,58,0,5.57,clear sky
564,Severnyy,RU,50.68,36.55,46.4,93,75,6.71,light rain
565,Mitchell,US,43.71,-98.03,42.8,38,40,4.7,scattered clouds
566,Dawson Creek,CA,55.77,-120.24,57.2,50,20,18.34,few clouds
567,Celestun,MX,20.87,-90.4,79.56,73,14,19.89,few clouds
568,Moa,CU,20.66,-74.94,83.05,72,96,13.76,overcast clouds
569,Okhotsk,RU,59.38,143.3,18.77,87,100,16.91,overcast clouds
570,Chulman,RU,56.85,124.91,-3.24,88,100,12.57,overcast clouds
571,Kamaishi,JP,39.27,141.88,59.18,81,100,12.46,moderate rain
572,Haimen,CN,23.19,116.61,66.2,93,100,6.46,overcast clouds
573,Eureka,US,40.8,-124.16,64.99,76,1,4.14,clear sky
574,Taga,RO,46.95,24.05,35.6,100,0,5.82,light rain
575,Chicama,PE,-7.84,-79.15,64.4,77,75,10.29,broken clouds
576,Sergeyevka,KZ,53.88,67.42,31.06,98,0,6.89,clear sky
577,Flinders,AU,-34.58,150.86,62.01,84,75,4.0,broken clouds
578,Ukhta,RU,63.57,53.68,28.53,94,94,6.76,overcast clouds
579,Rumuruti,KE,0.27,36.54,59.4,80,17,7.65,few clouds
580,Manzanillo,CU,20.34,-77.12,82.6,79,100,6.91,overcast clouds
581,Portoferraio,IT,42.81,10.31,59.0,87,49,1.01,scattered clouds
582,Lubsko,PL,51.78,14.97,53.01,93,97,1.99,overcast clouds
583,Kupang,ID,-10.17,123.58,79.68,75,100,6.38,overcast clouds
584,Aykhal,RU,66.0,111.5,5.0,84,0,6.71,clear sky
585,Manta,EC,-0.95,-80.73,82.4,65,40,11.41,scattered clouds
586,Udachnyy,RU,66.42,112.4,5.0,84,0,6.71,clear sky
587,Mataram,ID,-8.58,116.12,73.4,94,75,6.44,broken clouds
588,Carauari,BR,-4.88,-66.9,86.9,59,61,2.33,broken clouds
589,Harper,LR,4.38,-7.72,77.9,88,48,6.02,scattered clouds
590,Tutoia,BR,-2.76,-42.27,80.53,79,10,8.5,clear sky
591,Saint-Augustin,CA,51.23,-58.65,36.25,81,81,21.45,broken clouds
592,Skibbereen,IE,51.55,-9.27,57.2,100,75,32.21,broken clouds
593,Nioki,CD,-2.72,17.68,72.95,95,100,2.42,light rain
594,Guayaramerin,BO,-10.84,-65.36,87.82,42,81,1.39,broken clouds
595,Bonthe,SL,7.53,-12.51,79.83,84,1,6.33,clear sky
596,Prado,BR,-17.34,-39.22,69.57,93,100,10.54,moderate rain
597,Mandurah,AU,-32.55,115.7,57.0,87,100,8.32,overcast clouds
598,Constantine,DZ,36.37,6.61,55.4,71,0,4.7,clear sky
599,Sena Madureira,BR,-9.07,-68.66,88.45,39,42,2.06,scattered clouds
600,Suure-Jaani,EE,58.54,25.47,41.0,85,0,1.01,clear sky
601,Krasnorechenskiy,RU,44.63,135.35,28.85,95,11,4.07,few clouds
602,Yuli,NG,9.7,10.27,79.77,29,6,3.94,clear sky
603,Major Isidoro,BR,-9.53,-36.98,86.72,49,99,13.24,overcast clouds
604,Guozhen,CN,34.37,107.36,49.64,41,22,2.17,few clouds
605,Tirano,IT,46.22,10.17,48.99,86,75,2.24,broken clouds
606,Bintulu,MY,3.17,113.03,77.0,88,40,6.93,scattered clouds
607,Vila Franca Do Campo,PT,37.72,-25.43,69.8,94,75,12.75,broken clouds
608,Solginskiy,RU,61.05,41.34,27.72,97,0,3.18,clear sky
609,Calvia,ES,39.57,2.51,63.0,87,0,3.36,clear sky
610,Stornoway,GB,58.21,-6.39,48.2,87,87,27.51,overcast clouds
611,South Venice,US,27.05,-82.42,84.2,74,1,9.17,clear sky
612,Vardo,NO,70.37,31.11,39.2,86,75,23.04,broken clouds
613,Santa Marta,CO,11.24,-74.2,82.99,79,92,1.99,moderate rain
614,Araouane,ML,18.9,-3.53,87.08,13,97,5.66,overcast clouds
615,Usak,TR,38.5,29.42,46.11,56,0,7.45,clear sky
616,Oxbow,CA,49.23,-102.17,48.99,41,0,8.99,clear sky
617,Turukhansk,RU,65.82,87.98,25.0,98,100,10.22,light snow
618,Kawalu,ID,-7.38,108.21,70.68,93,37,2.08,scattered clouds
619,Polunochnoye,RU,60.87,60.42,23.02,98,0,3.67,clear sky
620,Basco,PH,20.45,121.97,79.97,81,100,28.95,overcast clouds
621,Ulvila,FI,61.43,21.87,48.2,76,90,17.22,overcast clouds
622,Bereda,ES,43.27,-7.54,64.0,95,90,13.0,overcast clouds
623,Alyangula,AU,-13.85,136.42,64.4,93,0,7.54,clear sky
624,Moen,NO,69.13,18.61,43.0,92,75,14.99,broken clouds
625,Graaff-Reinet,ZA,-32.25,24.53,63.0,69,0,3.0,clear sky
626,Sampit,ID,-2.53,112.95,74.44,96,66,1.48,broken clouds
627,San Lorenzo,PY,-25.33,-57.53,87.8,27,20,8.05,few clouds
628,Bubaque,GW,11.28,-15.83,83.71,76,0,14.52,clear sky
629,Puerto Escondido,MX,15.85,-97.07,85.71,58,0,4.03,clear sky
630,Namibe,AO,-15.2,12.15,73.94,69,64,4.83,broken clouds
631,Sabha,LY,27.04,14.43,64.47,55,0,8.37,clear sky
632,Emerald,AU,-23.53,148.17,69.01,42,0,10.29,clear sky
633,Zlocieniec,PL,53.53,16.01,51.01,97,89,1.99,overcast clouds
634,Ojinaga,MX,29.57,-104.42,78.8,22,1,11.41,clear sky
635,Sembe,CG,1.65,14.58,71.1,94,100,1.79,moderate rain
636,Kunashak,RU,55.7,61.55,32.0,97,75,2.24,broken clouds
637,Boffa,GN,10.17,-14.03,78.24,87,1,3.51,clear sky
638,Karasburg,NA,-28.02,18.75,72.09,20,0,10.18,clear sky
639,Gat,IL,31.61,34.76,75.0,91,100,2.84,overcast clouds
640,Hun,LY,29.13,15.95,60.06,81,0,7.05,clear sky
641,Trairi,BR,-3.28,-39.27,80.51,78,0,13.42,clear sky
642,Thiruvananthapuram,IN,8.48,76.92,82.4,78,40,3.13,mist
643,Boo,SE,59.33,18.28,51.01,93,90,12.75,overcast clouds
644,Kavieng,PG,-2.57,150.8,83.59,71,12,7.52,few clouds
645,Brigham City,US,41.51,-112.02,64.99,17,1,4.94,clear sky
646,Nabire,ID,-3.37,135.48,76.69,87,98,3.83,overcast clouds
647,Abnub,EG,27.27,31.15,70.79,51,0,13.24,clear sky
648,Nagato,JP,34.38,131.2,64.4,82,75,12.75,broken clouds
649,Port Hedland,AU,-20.32,118.57,73.4,83,40,8.05,scattered clouds
650,Bagotville,AU,-28.98,153.42,64.4,82,0,6.93,clear sky
651,Sargatskoye,RU,55.61,73.5,34.5,89,99,11.79,overcast clouds
652,Obo,CF,5.4,26.49,70.72,94,100,3.27,overcast clouds
653,Bahar,IR,34.91,48.44,45.39,48,27,3.13,scattered clouds
654,Biak,ID,-0.91,122.88,77.52,77,100,5.66,overcast clouds
655,Hualmay,PE,-11.1,-77.61,67.17,69,76,9.13,broken clouds
656,Bayji,IQ,34.93,43.49,72.01,21,18,12.71,few clouds
657,Sahuaripa,MX,29.05,-109.23,99.59,9,5,8.19,clear sky
658,Pyu,MM,18.48,96.43,74.07,94,55,0.74,broken clouds
659,Centralia,US,46.72,-122.95,57.99,67,1,3.36,clear sky
660,Tecoanapa,MX,16.52,-98.75,85.96,67,1,9.15,clear sky
661,Birakan,RU,49.02,131.7,26.82,98,97,2.39,overcast clouds
662,Khudumelapye,BW,-23.88,24.75,71.11,60,70,12.88,moderate rain
663,Zeya,RU,53.75,127.27,19.62,87,100,8.66,overcast clouds
664,San Cristobal,VE,7.77,-72.22,86.0,55,40,4.7,scattered clouds
665,Praya,CV,14.92,-23.51,78.8,57,40,8.05,scattered clouds
666,Santa Cruz,BO,-17.8,-63.17,91.4,24,0,11.41,clear sky
667,Kirakira,SB,-10.45,161.92,83.8,71,74,7.07,broken clouds
668,Sobolevo,RU,54.43,31.9,41.47,89,100,8.99,overcast clouds
669,Nome,US,64.5,-165.41,12.2,85,1,4.5,clear sky
670,Popondetta,PG,-8.75,148.25,78.26,79,81,2.39,broken clouds
671,Mercedes,AR,-34.65,-59.43,75.0,32,0,3.0,clear sky
672,Broken Hill,AU,-31.95,141.43,60.8,59,0,5.82,clear sky
673,Kuteynykove,UA,47.81,38.29,52.11,87,61,10.98,broken clouds
674,Santa Marinella,IT,42.03,11.85,62.01,82,76,5.01,broken clouds
675,Kitimat,CA,54.05,-128.65,51.01,96,100,1.99,light rain
676,Maltahohe,NA,-24.83,16.98,68.95,24,32,11.36,scattered clouds
677,Rafiganj,IN,24.82,84.65,69.28,49,0,5.01,clear sky
678,Ust-Maya,RU,60.42,134.53,-11.33,89,52,4.05,broken clouds
679,Great Yarmouth,GB,52.61,1.73,64.0,97,100,8.01,overcast clouds
680,Colares,PT,38.8,-9.45,64.99,88,100,3.0,overcast clouds
681,Baturaja,ID,-4.13,104.17,72.95,93,100,2.46,overcast clouds
682,Ban Nahin,LA,18.24,104.21,69.35,85,40,3.47,scattered clouds
683,Aylesbury,GB,51.82,-0.81,63.0,84,100,11.01,overcast clouds
684,Verkhnetulomskiy,RU,68.61,31.8,39.2,86,75,6.71,broken clouds
685,Quatre Cocos,MU,-20.21,57.76,69.8,64,20,6.93,few clouds
686,Vagamo,NO,61.88,9.1,42.75,80,100,16.73,light rain
687,Havre-Saint-Pierre,CA,50.23,-63.6,37.4,69,96,4.7,overcast clouds
688,Letnyaya Stavka,RU,45.43,43.45,54.34,72,39,0.92,scattered clouds
689,Omboue,GA,-1.57,9.26,75.27,92,99,3.74,overcast clouds
690,Klaksvik,FO,62.23,-6.59,42.8,93,95,1.12,light rain
691,Shostka,UA,51.86,33.47,47.48,96,100,5.55,light rain
692,Pafos,CY,34.77,32.42,62.6,72,20,6.93,few clouds
693,Ambulu,ID,-8.35,113.61,75.09,88,100,2.71,overcast clouds
694,Port Perry,CA,44.11,-78.94,39.0,93,90,13.87,mist
695,Zaozerne,UA,45.16,33.28,54.25,76,96,10.8,overcast clouds
696,Rodrigues Alves,BR,-7.74,-72.65,84.2,66,40,6.93,scattered clouds
